{"cameraMode":{"drawMode":0,"name":"Shaded","section":"Shading Mode"},"sceneLighting":false,"audioPlay":false,"sceneViewState":{"showFog":true,"showMaterialUpdate":false,"showSkybox":false,"showFlares":true,"showImageEffects":true,"showParticleSystems":true},"in2DMode":false,"pivot":{"x":0.2713111639022827,"y":-0.10829514265060425,"z":-0.24561965465545655},"rotation":{"x":0.22809095680713654,"y":0.3281092941761017,"z":-0.08196823298931122,"w":0.9130194187164307},"size":2.8071064949035646,"orthographic":false}