{"cameraMode":{"drawMode":0,"name":"Shaded","section":"Shading Mode"},"sceneLighting":false,"audioPlay":false,"sceneViewState":{"showFog":true,"showMaterialUpdate":false,"showSkybox":false,"showFlares":true,"showImageEffects":true,"showParticleSystems":true},"in2DMode":false,"pivot":{"x":67.0806884765625,"y":18.3876953125,"z":5.0469970703125},"rotation":{"x":0.2068224847316742,"y":0.23650377988815309,"z":-0.0515991635620594,"w":0.9479621052742004},"size":1.2247449159622193,"orthographic":false}