{"cameraMode":{"drawMode":0,"name":"Shaded","section":"Shading Mode"},"sceneLighting":false,"audioPlay":false,"sceneViewState":{"showFog":true,"showMaterialUpdate":false,"showSkybox":false,"showFlares":true,"showImageEffects":true,"showParticleSystems":true},"in2DMode":false,"pivot":{"x":0.0000997781753540039,"y":0.954282283782959,"z":0.0},"rotation":{"x":0.2068224847316742,"y":0.23650377988815309,"z":-0.0515991635620594,"w":0.9479621052742004},"size":1.351855993270874,"orthographic":false}